xax_arcsec,flux_bkgsub,flux_err,gix_mask,peak_loc,xax_centered,app_motion,app_error,xax_days
-2.5,-0.002237153424957228,0.007770415273897311,False,1.2675350701402803,-3.7675350701402803,0.024851765906866448,0.010064962428802827,-151.60029610206993
-2.4899799599198396,-0.0017576397602301341,0.007229958200675989,False,1.2675350701402803,-3.75751503006012,0.024851765906866448,0.010064962428802827,-151.19710382520273
-2.4799599198396796,-0.0012782662386650046,0.006767664961727748,False,1.2675350701402803,-3.74749498997996,0.024851765906866448,0.010064962428802827,-150.79391154833553
-2.469939879759519,-0.0008052742354003328,0.006379082702223567,False,1.2675350701402803,-3.7374749498997994,0.024851765906866448,0.010064962428802827,-150.39071927146833
-2.4599198396793587,-0.00034490562942401937,0.006059163623563683,False,1.2675350701402803,-3.727454909819639,0.024851765906866448,0.010064962428802827,-149.98752699460113
-2.4498997995991982,9.659670082129423e-05,0.005802543058889598,False,1.2675350701402803,-3.7174348697394786,0.024851765906866448,0.010064962428802827,-149.5843347177339
-2.4398797595190382,0.0005129883818613123,0.005603828334918173,False,1.2675350701402803,-3.7074148296593186,0.024851765906866448,0.010064962428802827,-149.18114244086672
-2.429859719438878,0.000898427293442694,0.005457444800556244,False,1.2675350701402803,-3.697394789579158,0.024851765906866448,0.010064962428802827,-148.7779501639995
-2.4198396793587174,0.0012514916350281347,0.005354076283021438,False,1.2675350701402803,-3.6873747494989977,0.024851765906866448,0.010064962428802827,-148.3747578871323
-2.409819639278557,0.0015734843668175902,0.00528292073190539,False,1.2675350701402803,-3.6773547094188372,0.024851765906866448,0.010064962428802827,-147.97156561026506
-2.399799599198397,0.0018657460965825212,0.005235022418095863,False,1.2675350701402803,-3.6673346693386772,0.024851765906866448,0.010064962428802827,-147.5683733333979
-2.3897795591182365,0.0021296150727543317,0.005203768243931267,False,1.2675350701402803,-3.657314629258517,0.024851765906866448,0.010064962428802827,-147.16518105653066
-2.379759519038076,0.002366427290048101,0.005184985859553015,False,1.2675350701402803,-3.6472945891783564,0.024851765906866448,0.010064962428802827,-146.76198877966345
-2.369739478957916,0.0025775383438051414,0.005176693817895129,False,1.2675350701402803,-3.6372745490981964,0.024851765906866448,0.010064962428802827,-146.35879650279625
-2.3597194388777556,0.0027653381443299985,0.005176133279708399,False,1.2675350701402803,-3.627254509018036,0.024851765906866448,0.010064962428802827,-145.95560422592905
-2.349699398797595,0.002933683191182368,0.00517847970603372,False,1.2675350701402803,-3.6172344689378755,0.024851765906866448,0.010064962428802827,-145.55241194906182
-2.3396793587174347,0.0030865399059427645,0.005180417439204009,False,1.2675350701402803,-3.607214428857715,0.024851765906866448,0.010064962428802827,-145.14921967219462
-2.3296593186372747,0.003227873477757548,0.005180460500548723,False,1.2675350701402803,-3.597194388777555,0.024851765906866448,0.010064962428802827,-144.74602739532742
-2.3196392785571143,0.0033616481774680906,0.005178852317649002,False,1.2675350701402803,-3.5871743486973946,0.024851765906866448,0.010064962428802827,-144.34283511846021
-2.309619238476954,0.0034918276280548888,0.005177345524081417,False,1.2675350701402803,-3.577154308617234,0.024851765906866448,0.010064962428802827,-143.939642841593
-2.299599198396794,0.003621986158032886,0.005177566971718059,False,1.2675350701402803,-3.567134268537074,0.024851765906866448,0.010064962428802827,-143.5364505647258
-2.2895791583166334,0.0037543607962611247,0.005177599053783736,False,1.2675350701402803,-3.5571142284569137,0.024851765906866448,0.010064962428802827,-143.1332582878586
-2.279559118236473,0.003890901598781582,0.005175628756447271,False,1.2675350701402803,-3.5470941883767533,0.024851765906866448,0.010064962428802827,-142.73006601099138
-2.2695390781563125,0.004033558946010096,0.005171083414887599,False,1.2675350701402803,-3.537074148296593,0.024851765906866448,0.010064962428802827,-142.32687373412418
-2.2595190380761525,0.0041842836971239805,0.005164678880329824,False,1.2675350701402803,-3.527054108216433,0.024851765906866448,0.010064962428802827,-141.92368145725698
-2.249498997995992,0.004345027344490937,0.005158340334383158,False,1.2675350701402803,-3.5170340681362724,0.024851765906866448,0.010064962428802827,-141.52048918038977
-2.2394789579158316,0.0045172448017893885,0.005154548321828298,False,1.2675350701402803,-3.507014028056112,0.024851765906866448,0.010064962428802827,-141.11729690352254
-2.229458917835671,0.0046978266065007546,0.005152475149543139,False,1.2675350701402803,-3.4969939879759515,0.024851765906866448,0.010064962428802827,-140.71410462665534
-2.219438877755511,0.0048812092405734475,0.0051499460050725065,False,1.2675350701402803,-3.4869739478957915,0.024851765906866448,0.010064962428802827,-140.31091234978814
-2.2094188376753507,0.005061805793122431,0.0051458485186744035,False,1.2675350701402803,-3.476953907815631,0.024851765906866448,0.010064962428802827,-139.90772007292094
-2.1993987975951903,0.005234029124725481,0.005140283619030855,False,1.2675350701402803,-3.4669338677354706,0.024851765906866448,0.010064962428802827,-139.50452779605374
-2.18937875751503,0.005392291424252349,0.005134559507044721,False,1.2675350701402803,-3.45691382765531,0.024851765906866448,0.010064962428802827,-139.1013355191865
-2.17935871743487,0.005531041102660339,0.0051309687258309054,False,1.2675350701402803,-3.44689378757515,0.024851765906866448,0.010064962428802827,-138.6981432423193
-2.1693386773547094,0.00564603533718655,0.005129828979064475,False,1.2675350701402803,-3.4368737474949898,0.024851765906866448,0.010064962428802827,-138.2949509654521
-2.159318637274549,0.005734654127514283,0.005128783588729469,False,1.2675350701402803,-3.4268537074148293,0.024851765906866448,0.010064962428802827,-137.8917586885849
-2.149298597194389,0.005794376501741638,0.005126295713003095,False,1.2675350701402803,-3.4168336673346693,0.024851765906866448,0.010064962428802827,-137.4885664117177
-2.1392785571142285,0.005822679188243196,0.0051220368888287605,False,1.2675350701402803,-3.406813627254509,0.024851765906866448,0.010064962428802827,-137.0853741348505
-2.129258517034068,0.005817036415563415,0.005116921845615457,False,1.2675350701402803,-3.3967935871743484,0.024851765906866448,0.010064962428802827,-136.68218185798327
-2.1192384769539077,0.00577492088666709,0.005113005554511218,False,1.2675350701402803,-3.386773547094188,0.024851765906866448,0.010064962428802827,-136.27898958111606
-2.1092184368737477,0.00569530832422771,0.005111793590582245,False,1.2675350701402803,-3.376753507014028,0.024851765906866448,0.010064962428802827,-135.87579730424886
-2.099198396793587,0.005581629578553127,0.005111239525943786,False,1.2675350701402803,-3.3667334669338675,0.024851765906866448,0.010064962428802827,-135.47260502738166
-2.0891783567134268,0.0054381338437625715,0.005109467892227188,False,1.2675350701402803,-3.356713426853707,0.024851765906866448,0.010064962428802827,-135.06941275051443
-2.079158316633267,0.0052690679415334785,0.005105783902375086,False,1.2675350701402803,-3.346693386773547,0.024851765906866448,0.010064962428802827,-134.66622047364726
-2.0691382765531063,0.005078676657968018,0.005100751046983121,False,1.2675350701402803,-3.3366733466933867,0.024851765906866448,0.010064962428802827,-134.26302819678003
-2.059118236472946,0.0048712030803699236,0.005096131671216334,False,1.2675350701402803,-3.3266533066132262,0.024851765906866448,0.010064962428802827,-133.85983591991283
-2.0490981963927855,0.0046509419862346135,0.0050941557357632086,False,1.2675350701402803,-3.316633266533066,0.024851765906866448,0.010064962428802827,-133.45664364304562
-2.0390781563126255,0.00442259892777308,0.005093699108860058,False,1.2675350701402803,-3.306613226452906,0.024851765906866448,0.010064962428802827,-133.05345136617842
-2.029058116232465,0.0041910713794521826,0.005092592899783551,False,1.2675350701402803,-3.2965931863727453,0.024851765906866448,0.010064962428802827,-132.6502590893112
-2.0190380761523046,0.0039612576499772345,0.005089791407280209,False,1.2675350701402803,-3.286573146292585,0.024851765906866448,0.010064962428802827,-132.247066812444
-2.009018036072144,0.003738056177343907,0.005085504884158327,False,1.2675350701402803,-3.2765531062124245,0.024851765906866448,0.010064962428802827,-131.8438745355768
-1.9989979959919841,0.0035263659174855633,0.0050811817230612035,False,1.2675350701402803,-3.2665330661322645,0.024851765906866448,0.010064962428802827,-131.4406822587096
-1.9889779559118237,0.0033310032273452805,0.005079234423571929,False,1.2675350701402803,-3.256513026052104,0.024851765906866448,0.010064962428802827,-131.03748998184238
-1.9789579158316633,0.0031545464961576647,0.00507982462954461,False,1.2675350701402803,-3.2464929859719436,0.024851765906866448,0.010064962428802827,-130.63429770497515
-1.968937875751503,0.0029971435879595637,0.0050805860462916266,False,1.2675350701402803,-3.2364729458917836,0.024851765906866448,0.010064962428802827,-130.23110542810798
-1.9589178356713428,0.002858821732068209,0.005080049706585606,False,1.2675350701402803,-3.226452905811623,0.024851765906866448,0.010064962428802827,-129.82791315124075
-1.9488977955911824,0.0027396096657058416,0.0050779811394884855,False,1.2675350701402803,-3.2164328657314627,0.024851765906866448,0.010064962428802827,-129.42472087437355
-1.938877755511022,0.00263953763649509,0.005075406999394038,False,1.2675350701402803,-3.2064128256513023,0.024851765906866448,0.010064962428802827,-129.02152859750632
-1.9288577154308617,0.002558636410858961,0.005074496191093786,False,1.2675350701402803,-3.196392785571142,0.024851765906866448,0.010064962428802827,-128.61833632063912
-1.9188376753507015,0.0024965086869381814,0.005076622050818568,False,1.2675350701402803,-3.186372745490982,0.024851765906866448,0.010064962428802827,-128.21514404377191
-1.908817635270541,0.0024516602690309863,0.005079590353166913,False,1.2675350701402803,-3.1763527054108214,0.024851765906866448,0.010064962428802827,-127.81195176690471
-1.8987975951903808,0.0024224252862712348,0.005081506736900089,False,1.2675350701402803,-3.1663326653306614,0.024851765906866448,0.010064962428802827,-127.40875949003751
-1.8887775551102206,0.0024071391016664556,0.005081673107624636,False,1.2675350701402803,-3.156312625250501,0.024851765906866448,0.010064962428802827,-127.00556721317031
-1.8787575150300602,0.0024041381801831463,0.005080659340544791,False,1.2675350701402803,-3.1462925851703405,0.024851765906866448,0.010064962428802827,-126.6023749363031
-1.8687374749498997,0.0024117599568964643,0.00508023481778694,False,1.2675350701402803,-3.13627254509018,0.024851765906866448,0.010064962428802827,-126.19918265943588
-1.8587174348697395,0.0024285066001073358,0.005082513162595851,False,1.2675350701402803,-3.1262525050100196,0.024851765906866448,0.010064962428802827,-125.79599038256868
-1.8486973947895793,0.0024539633750039584,0.005086116219594569,False,1.2675350701402803,-3.1162324649298596,0.024851765906866448,0.010064962428802827,-125.39279810570147
-1.8386773547094188,0.0024881551369331407,0.0050888367471544835,False,1.2675350701402803,-3.106212424849699,0.024851765906866448,0.010064962428802827,-124.98960582883426
-1.8286573146292584,0.0025311086822918244,0.0050896066632202044,False,1.2675350701402803,-3.0961923847695387,0.024851765906866448,0.010064962428802827,-124.58641355196706
-1.8186372745490982,0.0025828514981412858,0.005088616299288274,False,1.2675350701402803,-3.0861723446893787,0.024851765906866448,0.010064962428802827,-124.18322127509985
-1.808617234468938,0.002643411764318756,0.005087289787071956,False,1.2675350701402803,-3.0761523046092183,0.024851765906866448,0.010064962428802827,-123.78002899823264
-1.7985971943887775,0.0027127998553564403,0.00508796660251152,False,1.2675350701402803,-3.066132264529058,0.024851765906866448,0.010064962428802827,-123.37683672136544
-1.7885771543086173,0.002790636998833085,0.00509056180316203,False,1.2675350701402803,-3.0561122244488974,0.024851765906866448,0.010064962428802827,-122.97364444449822
-1.778557114228457,0.002876174086535843,0.005092729770748165,False,1.2675350701402803,-3.0460921843687374,0.024851765906866448,0.010064962428802827,-122.57045216763102
-1.7685370741482966,0.002968647887159781,0.005093078710244569,False,1.2675350701402803,-3.036072144288577,0.024851765906866448,0.010064962428802827,-122.16725989076382
-1.7585170340681362,0.0030672957147760416,0.005091451112249837,False,1.2675350701402803,-3.0260521042084165,0.024851765906866448,0.010064962428802827,-121.7640676138966
-1.748496993987976,0.00317135536822577,0.0050889420984987985,False,1.2675350701402803,-3.0160320641282565,0.024851765906866448,0.010064962428802827,-121.36087533702941
-1.7384769539078158,0.0032800619025810107,0.0050877700755184935,False,1.2675350701402803,-3.006012024048096,0.024851765906866448,0.010064962428802827,-120.9576830601622
-1.7284569138276553,0.0033920002867646737,0.005089154984127486,False,1.2675350701402803,-2.9959919839679356,0.024851765906866448,0.010064962428802827,-120.55449078329498
-1.7184368737474949,0.0035043147559457033,0.005090913657659705,False,1.2675350701402803,-2.985971943887775,0.024851765906866448,0.010064962428802827,-120.15129850642776
-1.7084168336673347,0.0036139561759389593,0.005091297353779047,False,1.2675350701402803,-2.9759519038076148,0.024851765906866448,0.010064962428802827,-119.74810622956056
-1.6983967935871744,0.0037178751951501,0.00508975548822441,False,1.2675350701402803,-2.9659318637274548,0.024851765906866448,0.010064962428802827,-119.34491395269336
-1.688376753507014,0.0038130220026784123,0.005086998815476699,False,1.2675350701402803,-2.9559118236472943,0.024851765906866448,0.010064962428802827,-118.94172167582614
-1.6783567134268538,0.0038963460863752353,0.005084924017900864,False,1.2675350701402803,-2.9458917835671343,0.024851765906866448,0.010064962428802827,-118.53852939895896
-1.6683366733466936,0.0039653226379945394,0.0050856274214440556,False,1.2675350701402803,-2.935871743486974,0.024851765906866448,0.010064962428802827,-118.13533712209174
-1.6583166332665331,0.004020398203658848,0.005087617605853562,False,1.2675350701402803,-2.9258517034068134,0.024851765906866448,0.010064962428802827,-117.73214484522454
-1.6482965931863727,0.004063060087695636,0.0050887872026059225,False,1.2675350701402803,-2.915831663326653,0.024851765906866448,0.010064962428802827,-117.32895256835732
-1.6382765531062125,0.004094795723359024,0.0050881776366746324,False,1.2675350701402803,-2.9058116232464926,0.024851765906866448,0.010064962428802827,-116.9257602914901
-1.6282565130260522,0.004117091671363982,0.0050860890133953614,False,1.2675350701402803,-2.8957915831663326,0.024851765906866448,0.010064962428802827,-116.52256801462292
-1.6182364729458918,0.004131433737678769,0.00508404876123584,False,1.2675350701402803,-2.885771543086172,0.024851765906866448,0.010064962428802827,-116.1193757377557
-1.6082164328657313,0.004139273143143329,0.00508443364977749,False,1.2675350701402803,-2.8757515030060117,0.024851765906866448,0.010064962428802827,-115.71618346088849
-1.5981963927855711,0.004141486073280298,0.005086953754217836,False,1.2675350701402803,-2.8657314629258517,0.024851765906866448,0.010064962428802827,-115.3129911840213
-1.588176352705411,0.0041384692849919524,0.005089257550811747,False,1.2675350701402803,-2.8557114228456912,0.024851765906866448,0.010064962428802827,-114.90979890715408
-1.5781563126252505,0.004130604471612231,0.005089992301186366,False,1.2675350701402803,-2.845691382765531,0.024851765906866448,0.010064962428802827,-114.50660663028687
-1.5681362725450902,0.004118272935654754,0.005089045667122019,False,1.2675350701402803,-2.8356713426853704,0.024851765906866448,0.010064962428802827,-114.10341435341965
-1.55811623246493,0.004101855619053407,0.005087557829014969,False,1.2675350701402803,-2.8256513026052104,0.024851765906866448,0.010064962428802827,-113.70022207655246
-1.5480961923847696,0.004081737915339723,0.005087775491048794,False,1.2675350701402803,-2.81563126252505,0.024851765906866448,0.010064962428802827,-113.29702979968525
-1.5380761523046091,0.004058865785110388,0.005090711081511534,False,1.2675350701402803,-2.8056112224448895,0.024851765906866448,0.010064962428802827,-112.89383752281805
-1.528056112224449,0.004035264832351615,0.005094095337362262,False,1.2675350701402803,-2.7955911823647295,0.024851765906866448,0.010064962428802827,-112.49064524595084
-1.5180360721442887,0.00401308336146311,0.005096204932775821,False,1.2675350701402803,-2.785571142284569,0.024851765906866448,0.010064962428802827,-112.08745296908363
-1.5080160320641283,0.00399446978302942,0.00509651987486374,False,1.2675350701402803,-2.7755511022044086,0.024851765906866448,0.010064962428802827,-111.68426069221643
-1.497995991983968,0.003981572784168996,0.005095778301665891,False,1.2675350701402803,-2.765531062124248,0.024851765906866448,0.010064962428802827,-111.28106841534921
-1.4879759519038076,0.003976541498893038,0.005095892480313542,False,1.2675350701402803,-2.7555110220440877,0.024851765906866448,0.010064962428802827,-110.877876138482
-1.4779559118236474,0.003981291503062534,0.005098816455124017,False,1.2675350701402803,-2.7454909819639277,0.024851765906866448,0.010064962428802827,-110.4746838616148
-1.467935871743487,0.003996606076121512,0.005102857716228855,False,1.2675350701402803,-2.7354709418837673,0.024851765906866448,0.010064962428802827,-110.07149158474759
-1.4579158316633267,0.004022927098850049,0.0051059098565594836,False,1.2675350701402803,-2.7254509018036073,0.024851765906866448,0.010064962428802827,-109.66829930788039
-1.4478957915831663,0.004060697246027978,0.005107016576449977,False,1.2675350701402803,-2.715430861723447,0.024851765906866448,0.010064962428802827,-109.26510703101319
-1.437875751503006,0.004110360093721843,0.005106472300221086,False,1.2675350701402803,-2.7054108216432864,0.024851765906866448,0.010064962428802827,-108.86191475414597
-1.4278557114228458,0.004172360154389154,0.005105784990395008,False,1.2675350701402803,-2.695390781563126,0.024851765906866448,0.010064962428802827,-108.45872247727876
-1.4178356713426854,0.004246991599422323,0.005107239536797712,False,1.2675350701402803,-2.6853707414829655,0.024851765906866448,0.010064962428802827,-108.05553020041155
-1.4078156312625252,0.004332457610759288,0.0051103141097496585,False,1.2675350701402803,-2.6753507014028055,0.024851765906866448,0.010064962428802827,-107.65233792354435
-1.3977955911823647,0.0044254355343889,0.005112700347408134,False,1.2675350701402803,-2.665330661322645,0.024851765906866448,0.010064962428802827,-107.24914564667714
-1.3877755511022045,0.0045225685793433,0.005113121492998452,False,1.2675350701402803,-2.655310621242485,0.024851765906866448,0.010064962428802827,-106.84595336980995
-1.377755511022044,0.004620500277095374,0.005111533910413434,False,1.2675350701402803,-2.6452905811623246,0.024851765906866448,0.010064962428802827,-106.44276109294273
-1.3677354709418839,0.0047158742153210476,0.005109131524042329,False,1.2675350701402803,-2.635270541082164,0.024851765906866448,0.010064962428802827,-106.03956881607552
-1.3577154308617234,0.004805349011046525,0.005108182685695084,False,1.2675350701402803,-2.6252505010020037,0.024851765906866448,0.010064962428802827,-105.63637653920831
-1.3476953907815632,0.004886726460961832,0.005109510511760042,False,1.2675350701402803,-2.6152304609218433,0.024851765906866448,0.010064962428802827,-105.2331842623411
-1.3376753507014028,0.004959726541444193,0.005110856292212846,False,1.2675350701402803,-2.605210420841683,0.024851765906866448,0.010064962428802827,-104.82999198547388
-1.3276553106212425,0.005024251966662785,0.0051106070728887745,False,1.2675350701402803,-2.595190380761523,0.024851765906866448,0.010064962428802827,-104.4267997086067
-1.3176352705410823,0.0050802047711822895,0.005108351538882965,False,1.2675350701402803,-2.585170340681363,0.024851765906866448,0.010064962428802827,-104.02360743173949
-1.3076152304609219,0.005127486302095724,0.0051049281070014154,False,1.2675350701402803,-2.5751503006012024,0.024851765906866448,0.010064962428802827,-103.62041515487229
-1.2975951903807617,0.005165997211115922,0.005102336256442063,False,1.2675350701402803,-2.565130260521042,0.024851765906866448,0.010064962428802827,-103.21722287800507
-1.2875751503006012,0.00519554723625959,0.005102452154278671,False,1.2675350701402803,-2.5551102204408815,0.024851765906866448,0.010064962428802827,-102.81403060113786
-1.277555110220441,0.005215570586410423,0.005103505304995181,False,1.2675350701402803,-2.545090180360721,0.024851765906866448,0.010064962428802827,-102.41083832427064
-1.2675350701402806,0.005225403378746329,0.005103512530014229,False,1.2675350701402803,-2.5350701402805607,0.024851765906866448,0.010064962428802827,-102.00764604740344
-1.2575150300601203,0.005224380914223725,0.005101650142409465,False,1.2675350701402803,-2.5250501002004007,0.024851765906866448,0.010064962428802827,-101.60445377053624
-1.24749498997996,0.005211837625058835,0.005098347277072362,False,1.2675350701402803,-2.51503006012024,0.024851765906866448,0.010064962428802827,-101.20126149366902
-1.2374749498997997,0.0051871070219701165,0.005095241309629622,False,1.2675350701402803,-2.50501002004008,0.024851765906866448,0.010064962428802827,-100.79806921680184
-1.2274549098196392,0.005149515024413076,0.005094659271995376,False,1.2675350701402803,-2.49498997995992,0.024851765906866448,0.010064962428802827,-100.39487693993462
-1.217434869739479,0.005098310767734371,0.005095893037242303,False,1.2675350701402803,-2.4849699398797593,0.024851765906866448,0.010064962428802827,-99.9916846630674
-1.2074148296593188,0.005032693973115898,0.005096650009602963,False,1.2675350701402803,-2.474949899799599,0.024851765906866448,0.010064962428802827,-99.5884923862002
-1.1973947895791583,0.004951862430025766,0.005095703006965367,False,1.2675350701402803,-2.4649298597194385,0.024851765906866448,0.010064962428802827,-99.18530010933299
-1.1873747494989981,0.004855012713905205,0.005093068113710378,False,1.2675350701402803,-2.4549098196392785,0.024851765906866448,0.010064962428802827,-98.7821078324658
-1.1773547094188377,0.004741340122605853,0.005090003528416729,False,1.2675350701402803,-2.444889779559118,0.024851765906866448,0.010064962428802827,-98.37891555559858
-1.1673346693386775,0.004610057825195746,0.005088819231318911,False,1.2675350701402803,-2.434869739478958,0.024851765906866448,0.010064962428802827,-97.97572327873138
-1.157314629258517,0.004461372904019711,0.005090121051299945,False,1.2675350701402803,-2.4248496993987976,0.024851765906866448,0.010064962428802827,-97.57253100186418
-1.1472945891783568,0.0042969494985749535,0.005091565954018202,False,1.2675350701402803,-2.414829659318637,0.024851765906866448,0.010064962428802827,-97.16933872499696
-1.1372745490981964,0.004118566590337602,0.005091547966398637,False,1.2675350701402803,-2.4048096192384767,0.024851765906866448,0.010064962428802827,-96.76614644812975
-1.1272545090180361,0.003928002047419055,0.005089679354788947,False,1.2675350701402803,-2.3947895791583163,0.024851765906866448,0.010064962428802827,-96.36295417126253
-1.1172344689378757,0.00372703276578501,0.005086833088777008,False,1.2675350701402803,-2.384769539078156,0.024851765906866448,0.010064962428802827,-95.95976189439533
-1.1072144288577155,0.003517434805118125,0.00508504627711183,False,1.2675350701402803,-2.374749498997996,0.024851765906866448,0.010064962428802827,-95.55656961752813
-1.0971943887775553,0.0033008754217513925,0.0050860508306988,False,1.2675350701402803,-2.364729458917836,0.024851765906866448,0.010064962428802827,-95.15337734066094
-1.0871743486973948,0.003078635353461756,0.005087926811214937,False,1.2675350701402803,-2.3547094188376754,0.024851765906866448,0.010064962428802827,-94.75018506379372
-1.0771543086172346,0.0028519087903045026,0.005088721747221984,False,1.2675350701402803,-2.344689378757515,0.024851765906866448,0.010064962428802827,-94.3469927869265
-1.0671342685370742,0.002621889561840174,0.005087659832345899,False,1.2675350701402803,-2.3346693386773545,0.024851765906866448,0.010064962428802827,-93.9438005100593
-1.057114228456914,0.002389771232129023,0.005085227767807923,False,1.2675350701402803,-2.324649298597194,0.024851765906866448,0.010064962428802827,-93.54060823319209
-1.0470941883767535,0.002156747194708597,0.005083121483437273,False,1.2675350701402803,-2.3146292585170336,0.024851765906866448,0.010064962428802827,-93.13741595632487
-1.0370741482965933,0.0019239042739964685,0.005083634267807327,False,1.2675350701402803,-2.3046092184368736,0.024851765906866448,0.010064962428802827,-92.73422367945768
-1.0270541082164328,0.0016913087837350793,0.005085840292575737,False,1.2675350701402803,-2.294589178356713,0.024851765906866448,0.010064962428802827,-92.33103140259047
-1.0170340681362726,0.001458459078906904,0.005087454490601161,False,1.2675350701402803,-2.284569138276553,0.024851765906866448,0.010064962428802827,-91.92783912572327
-1.0070140280561122,0.0012248473686587436,0.005087286038750936,False,1.2675350701402803,-2.2745490981963927,0.024851765906866448,0.010064962428802827,-91.52464684885607
-0.996993987975952,0.0009899657994391076,0.005085394341684425,False,1.2675350701402803,-2.2645290581162323,0.024851765906866448,0.010064962428802827,-91.12145457198885
-0.9869739478957917,0.0007533064151068469,0.005083081005884444,False,1.2675350701402803,-2.254509018036072,0.024851765906866448,0.010064962428802827,-90.71826229512163
-0.9769539078156313,0.000514377975159519,0.005082667816364429,False,1.2675350701402803,-2.2444889779559114,0.024851765906866448,0.010064962428802827,-90.31507001825443
-0.9669338677354711,0.0002733252332598468,0.0050845404938532944,False,1.2675350701402803,-2.2344689378757514,0.024851765906866448,0.010064962428802827,-89.91187774138723
-0.9569138276553106,3.1108256064893425e-05,0.0050863291495798,False,1.2675350701402803,-2.224448897795591,0.024851765906866448,0.010064962428802827,-89.50868546452001
-0.9468937875751504,-0.00021125956871492768,0.005086482339666536,False,1.2675350701402803,-2.214428857715431,0.024851765906866448,0.010064962428802827,-89.10549318765283
-0.93687374749499,-0.0004527648653771532,0.005084677103188211,False,1.2675350701402803,-2.2044088176352705,0.024851765906866448,0.010064962428802827,-88.70230091078561
-0.9268537074148298,-0.0006923941895105035,0.00508185512705873,False,1.2675350701402803,-2.19438877755511,0.024851765906866448,0.010064962428802827,-88.2991086339184
-0.9168336673346693,-0.0009291335404677525,0.005080119278701668,False,1.2675350701402803,-2.1843687374749496,0.024851765906866448,0.010064962428802827,-87.89591635705119
-0.9068136272545091,-0.001161215924667225,0.005081076470406283,False,1.2675350701402803,-2.174348697394789,0.024851765906866448,0.010064962428802827,-87.49272408018398
-0.8967935871743489,-0.0013845612345262381,0.005082740135702597,False,1.2675350701402803,-2.164328657314629,0.024851765906866448,0.010064962428802827,-87.08953180331677
-0.8867735470941884,-0.0015946459803082291,0.00508326255741084,False,1.2675350701402803,-2.1543086172344688,0.024851765906866448,0.010064962428802827,-86.68633952644957
-0.8767535070140282,-0.001786945618902358,0.005081989259834845,False,1.2675350701402803,-2.1442885771543088,0.024851765906866448,0.010064962428802827,-86.28314724958237
-0.8667334669338678,-0.0019569341948102448,0.005079537871855333,False,1.2675350701402803,-2.1342685370741483,0.024851765906866448,0.010064962428802827,-85.87995497271517
-0.8567134268537075,-0.0021000839810580985,0.0050777373177533286,False,1.2675350701402803,-2.124248496993988,0.024851765906866448,0.010064962428802827,-85.47676269584795
-0.8466933867735471,-0.002212107666393459,0.005078911273018297,False,1.2675350701402803,-2.1142284569138274,0.024851765906866448,0.010064962428802827,-85.07357041898074
-0.8366733466933869,-0.002290677465423663,0.00508200806010516,False,1.2675350701402803,-2.104208416833667,0.024851765906866448,0.010064962428802827,-84.67037814211352
-0.8266533066132264,-0.0023344132728628786,0.005084847719648,False,1.2675350701402803,-2.0941883767535066,0.024851765906866448,0.010064962428802827,-84.26718586524632
-0.8166332665330662,-0.0023419384503484686,0.005086370954411447,False,1.2675350701402803,-2.0841683366733466,0.024851765906866448,0.010064962428802827,-83.86399358837912
-0.8066132264529058,-0.0023118734853220246,0.005086776194744188,False,1.2675350701402803,-2.074148296593186,0.024851765906866448,0.010064962428802827,-83.4608013115119
-0.7965931863727456,-0.002242835881659744,0.0050875012586985065,False,1.2675350701402803,-2.064128256513026,0.024851765906866448,0.010064962428802827,-83.05760903464471
-0.7865731462925853,-0.0021335072930952492,0.005090955525106405,False,1.2675350701402803,-2.0541082164328657,0.024851765906866448,0.010064962428802827,-82.6544167577775
-0.7765531062124249,-0.001984489176667381,0.005097328152644747,False,1.2675350701402803,-2.0440881763527052,0.024851765906866448,0.010064962428802827,-82.25122448091028
-0.7665330661322647,-0.0017985385864998094,0.005104196139420691,False,1.2675350701402803,-2.034068136272545,0.024851765906866448,0.010064962428802827,-81.84803220404308
-0.7565130260521042,-0.0015785242353651974,0.0051100067823585775,False,1.2675350701402803,-2.0240480961923843,0.024851765906866448,0.010064962428802827,-81.44483992717586
-0.746492985971944,-0.0013273121328758464,0.005114428886310298,False,1.2675350701402803,-2.0140280561122244,0.024851765906866448,0.010064962428802827,-81.04164765030868
-0.7364729458917836,-0.001047765813017687,0.0051183803256918915,False,1.2675350701402803,-2.004008016032064,0.024851765906866448,0.010064962428802827,-80.63845537344146
-0.7264529058116234,-0.0007427453074737439,0.005123913212775909,False,1.2675350701402803,-1.9939879759519037,0.024851765906866448,0.010064962428802827,-80.23526309657426
-0.7164328657314629,-0.00041442677033580455,0.005132365532990462,False,1.2675350701402803,-1.9839679358717432,0.024851765906866448,0.010064962428802827,-79.83207081970704
-0.7064128256513027,-6.317659010429688e-05,0.005141565944303615,False,1.2675350701402803,-1.973947895791583,0.024851765906866448,0.010064962428802827,-79.42887854283984
-0.6963927855711423,0.0003109369243528559,0.0051496084429885495,False,1.2675350701402803,-1.9639278557114226,0.024851765906866448,0.010064962428802827,-79.02568626597262
-0.686372745490982,0.0007078472767138577,0.005155756801455991,False,1.2675350701402803,-1.9539078156312624,0.024851765906866448,0.010064962428802827,-78.62249398910542
-0.6763527054108218,0.0011274897773441706,0.0051605123181551645,False,1.2675350701402803,-1.9438877755511021,0.024851765906866448,0.010064962428802827,-78.21930171223822
-0.6663326653306614,0.0015698015375444352,0.005165547557582904,False,1.2675350701402803,-1.9338677354709417,0.024851765906866448,0.010064962428802827,-77.816109435371
-0.6563126252505012,0.0020347951645131035,0.005172909774239457,False,1.2675350701402803,-1.9238476953907815,0.024851765906866448,0.010064962428802827,-77.4129171585038
-0.6462925851703407,0.0025229916042233125,0.005181306247640167,False,1.2675350701402803,-1.913827655310621,0.024851765906866448,0.010064962428802827,-77.00972488163659
-0.6362725450901805,0.0030351265575669917,0.005188595267484764,False,1.2675350701402803,-1.9038076152304608,0.024851765906866448,0.010064962428802827,-76.60653260476938
-0.62625250501002,0.0035719383555536943,0.005193732415864016,False,1.2675350701402803,-1.8937875751503004,0.024851765906866448,0.010064962428802827,-76.20334032790218
-0.6162324649298598,0.004134167280633205,0.0051968834878106124,False,1.2675350701402803,-1.8837675350701402,0.024851765906866448,0.010064962428802827,-75.80014805103497
-0.6062124248496994,0.0047225556245377165,0.005199401049194298,False,1.2675350701402803,-1.8737474949899797,0.024851765906866448,0.010064962428802827,-75.39695577416776
-0.5961923847695392,0.005337811750409482,0.0052035334505829995,False,1.2675350701402803,-1.8637274549098195,0.024851765906866448,0.010064962428802827,-74.99376349730056
-0.5861723446893787,0.005979842330286034,0.005209265267249338,False,1.2675350701402803,-1.853707414829659,0.024851765906866448,0.010064962428802827,-74.59057122043335
-0.5761523046092185,0.00664776549951096,0.005214367436632417,False,1.2675350701402803,-1.8436873747494988,0.024851765906866448,0.010064962428802827,-74.18737894356615
-0.5661322645290583,0.007340668073545942,0.0052175118254515415,False,1.2675350701402803,-1.8336673346693386,0.024851765906866448,0.010064962428802827,-73.78418666669894
-0.5561122244488979,0.00805763883760191,0.005218544727542091,False,1.2675350701402803,-1.8236472945891782,0.024851765906866448,0.010064962428802827,-73.38099438983173
-0.5460921843687376,0.008797768473316259,0.0052185035846272,False,1.2675350701402803,-1.813627254509018,0.024851765906866448,0.010064962428802827,-72.97780211296453
-0.5360721442885772,0.009560143440609181,0.005219498162956801,False,1.2675350701402803,-1.8036072144288575,0.024851765906866448,0.010064962428802827,-72.57460983609731
-0.526052104208417,0.010342388469068098,0.005222734603423081,False,1.2675350701402803,-1.7935871743486973,0.024851765906866448,0.010064962428802827,-72.17141755923011
-0.5160320641282565,0.011138770396018849,0.005226131818954742,False,1.2675350701402803,-1.7835671342685369,0.024851765906866448,0.010064962428802827,-71.76822528236289
-0.5060120240480963,0.011943087638138117,0.00522798953910641,False,1.2675350701402803,-1.7735470941883766,0.024851765906866448,0.010064962428802827,-71.36503300549569
-0.4959919839679361,0.012749139223657835,0.00522774067235038,False,1.2675350701402803,-1.7635270541082164,0.024851765906866448,0.010064962428802827,-70.96184072862849
-0.48597194388777565,0.013550724299529193,0.005226011676356903,False,1.2675350701402803,-1.753507014028056,0.024851765906866448,0.010064962428802827,-70.55864845176127
-0.4759519038076152,0.014341641638604408,0.005224555553137035,False,1.2675350701402803,-1.7434869739478955,0.024851765906866448,0.010064962428802827,-70.15545617489407
-0.4659318637274552,0.015115816394796866,0.0052253558653888674,False,1.2675350701402803,-1.7334669338677355,0.024851765906866448,0.010064962428802827,-69.75226389802687
-0.45591182364729477,0.015867919092454663,0.005227023820761644,False,1.2675350701402803,-1.723446893787575,0.024851765906866448,0.010064962428802827,-69.34907162115965
-0.4458917835671343,0.016592890003437333,0.00522754492053242,False,1.2675350701402803,-1.7134268537074147,0.024851765906866448,0.010064962428802827,-68.94587934429245
-0.4358717434869739,0.01728566761120831,0.005225994004113744,False,1.2675350701402803,-1.7034068136272542,0.024851765906866448,0.010064962428802827,-68.54268706742523
-0.4258517034068139,0.017941187821095106,0.005222638508281197,False,1.2675350701402803,-1.6933867735470942,0.024851765906866448,0.010064962428802827,-68.13949479055803
-0.41583166332665344,0.018554383557760623,0.005218911988490909,False,1.2675350701402803,-1.6833667334669338,0.024851765906866448,0.010064962428802827,-67.73630251369083
-0.405811623246493,0.019120349280436377,0.005217076139965558,False,1.2675350701402803,-1.6733466933867733,0.024851765906866448,0.010064962428802827,-67.33311023682361
-0.39579158316633256,0.019637118696575362,0.00521692425238521,False,1.2675350701402803,-1.663326653306613,0.024851765906866448,0.010064962428802827,-66.9299179599564
-0.38577154308617256,0.02010525786902817,0.005216251800728748,False,1.2675350701402803,-1.653306613226453,0.024851765906866448,0.010064962428802827,-66.52672568308921
-0.3757515030060121,0.020525411981551334,0.005213799504687011,False,1.2675350701402803,-1.6432865731462925,0.024851765906866448,0.010064962428802827,-66.123533406222
-0.3657314629258517,0.02089822238238992,0.00520948770951562,False,1.2675350701402803,-1.633266533066132,0.024851765906866448,0.010064962428802827,-65.72034112935478
-0.3557114228456917,0.0212243266344595,0.005204429187574906,False,1.2675350701402803,-1.623246492985972,0.024851765906866448,0.010064962428802827,-65.31714885248759
-0.34569138276553124,0.021504356347359088,0.005200797159310378,False,1.2675350701402803,-1.6132264529058116,0.024851765906866448,0.010064962428802827,-64.91395657562038
-0.3356713426853708,0.02173864396900682,0.005199627220480375,False,1.2675350701402803,-1.6032064128256511,0.024851765906866448,0.010064962428802827,-64.51076429875316
-0.32565130260521036,0.02192692924013956,0.005198756505071229,False,1.2675350701402803,-1.5931863727454907,0.024851765906866448,0.010064962428802827,-64.10757202188596
-0.31563126252505036,0.022068878374188694,0.005196520085049778,False,1.2675350701402803,-1.5831663326653307,0.024851765906866448,0.010064962428802827,-63.704379745018755
-0.3056112224448899,0.022164153876927217,0.005192407665882583,False,1.2675350701402803,-1.5731462925851702,0.024851765906866448,0.010064962428802827,-63.30118746815155
-0.2955911823647295,0.02221241451949313,0.005187120198064474,False,1.2675350701402803,-1.5631262525050098,0.024851765906866448,0.010064962428802827,-62.89799519128434
-0.28557114228456904,0.022213315311188864,0.005182495847966611,False,1.2675350701402803,-1.5531062124248494,0.024851765906866448,0.010064962428802827,-62.49480291441712
-0.27555110220440904,0.022166976269322625,0.005180459659283896,False,1.2675350701402803,-1.5430861723446894,0.024851765906866448,0.010064962428802827,-62.09161063754993
-0.2655310621242486,0.02207587046854087,0.005179435310262748,False,1.2675350701402803,-1.533066132264529,0.024851765906866448,0.010064962428802827,-61.68841836068272
-0.25551102204408815,0.021943206430344198,0.005177411551446037,False,1.2675350701402803,-1.5230460921843685,0.024851765906866448,0.010064962428802827,-61.2852260838155
-0.24549098196392816,0.021772189607396353,0.005173500010751186,False,1.2675350701402803,-1.5130260521042085,0.024851765906866448,0.010064962428802827,-60.88203380694831
-0.23547094188376771,0.021566022377541127,0.005168034968284403,False,1.2675350701402803,-1.503006012024048,0.024851765906866448,0.010064962428802827,-60.4788415300811
-0.22545090180360727,0.02132790429793463,0.00516254077637581,False,1.2675350701402803,-1.4929859719438876,0.024851765906866448,0.010064962428802827,-60.07564925321388
-0.21543086172344683,0.02106117839272237,0.005159323711642558,False,1.2675350701402803,-1.4829659318637272,0.024851765906866448,0.010064962428802827,-59.67245697634667
-0.20541082164328683,0.020771306095777042,0.005157977682505252,False,1.2675350701402803,-1.4729458917835672,0.024851765906866448,0.010064962428802827,-59.26926469947948
-0.1953907815631264,0.02046534717725379,0.005156285765589713,False,1.2675350701402803,-1.4629258517034067,0.024851765906866448,0.010064962428802827,-58.86607242261227
-0.18537074148296595,0.020150399437602218,0.005153041313444393,False,1.2675350701402803,-1.4529058116232463,0.024851765906866448,0.010064962428802827,-58.46288014574505
-0.1753507014028055,0.01983355993254854,0.00514825411011377,False,1.2675350701402803,-1.4428857715430858,0.024851765906866448,0.010064962428802827,-58.059687868877845
-0.1653306613226455,0.01952192553619092,0.005143156322518812,False,1.2675350701402803,-1.4328657314629258,0.024851765906866448,0.010064962428802827,-57.65649559201065
-0.15531062124248507,0.019222576156288973,0.005140045360906574,False,1.2675350701402803,-1.4228456913827654,0.024851765906866448,0.010064962428802827,-57.253303315143434
-0.14529058116232463,0.01894114894769139,0.005139810476388793,False,1.2675350701402803,-1.412825651302605,0.024851765906866448,0.010064962428802827,-56.850111038276225
-0.13527054108216463,0.01868077599369178,0.00514019366526453,False,1.2675350701402803,-1.402805611222445,0.024851765906866448,0.010064962428802827,-56.44691876140903
-0.1252505010020042,0.018444340621690536,0.005139545182152891,False,1.2675350701402803,-1.3927855711422845,0.024851765906866448,0.010064962428802827,-56.043726484541814
-0.11523046092184375,0.01823472802733983,0.005137404282397718,False,1.2675350701402803,-1.382765531062124,0.024851765906866448,0.010064962428802827,-55.640534207674605
-0.1052104208416833,0.018054825503639016,0.005134550542006084,False,1.2675350701402803,-1.3727454909819636,0.024851765906866448,0.010064962428802827,-55.23734193080739
-0.09519038076152331,0.017907522670148612,0.0051329184901768654,False,1.2675350701402803,-1.3627254509018036,0.024851765906866448,0.010064962428802827,-54.834149653940194
-0.08517034068136287,0.01779525488521807,0.005134361436253586,False,1.2675350701402803,-1.3527054108216432,0.024851765906866448,0.010064962428802827,-54.430957377072986
-0.07515030060120242,0.017718488738007687,0.005137104116429726,False,1.2675350701402803,-1.3426853707414828,0.024851765906866448,0.010064962428802827,-54.02776510020578
-0.06513026052104198,0.017677161864111085,0.005139111375589022,False,1.2675350701402803,-1.3326653306613223,0.024851765906866448,0.010064962428802827,-53.62457282333856
-0.055110220440881985,0.017671214672659405,0.0051394976777125725,False,1.2675350701402803,-1.3226452905811623,0.024851765906866448,0.010064962428802827,-53.221380546471366
-0.04509018036072154,0.017700590349667103,0.0051386211911244855,False,1.2675350701402803,-1.3126252505010019,0.024851765906866448,0.010064962428802827,-52.81818826960416
-0.0350701402805611,0.017765234853538217,0.00513804175449152,False,1.2675350701402803,-1.3026052104208414,0.024851765906866448,0.010064962428802827,-52.41499599273694
-0.025050100200401104,0.017865004454527433,0.005140031551493241,False,1.2675350701402803,-1.2925851703406814,0.024851765906866448,0.010064962428802827,-52.011803715869746
-0.015030060120240663,0.017998649775118558,0.005143937167901229,False,1.2675350701402803,-1.282565130260521,0.024851765906866448,0.010064962428802827,-51.60861143900254
-0.005010020040080221,0.01816419271414249,0.00514750146050596,False,1.2675350701402803,-1.2725450901803605,0.024851765906866448,0.010064962428802827,-51.20541916213532
0.005010020040080221,0.018359644728315416,0.005149513061570225,False,1.2675350701402803,-1.2625250501002,0.024851765906866448,0.010064962428802827,-50.80222688526811
0.015030060120240218,0.0185830196168002,0.005149982700789786,False,1.2675350701402803,-1.25250501002004,0.024851765906866448,0.010064962428802827,-50.39903460840092
0.02505010020040066,0.018832333363446807,0.005150139869401607,False,1.2675350701402803,-1.2424849699398797,0.024851765906866448,0.010064962428802827,-49.9958423315337
0.0350701402805611,0.019105547032509662,0.0051522498381178245,False,1.2675350701402803,-1.2324649298597192,0.024851765906866448,0.010064962428802827,-49.59265005466649
0.04509018036072154,0.019397405486214936,0.005156943456524394,False,1.2675350701402803,-1.2224448897795588,0.024851765906866448,0.010064962428802827,-49.189457777799284
0.05511022044088154,0.019697778069994953,0.005161884091359027,False,1.2675350701402803,-1.2124248496993988,0.024851765906866448,0.010064962428802827,-48.78626550093209
0.06513026052104198,0.01999612796764083,0.005165425845991614,False,1.2675350701402803,-1.2024048096192383,0.024851765906866448,0.010064962428802827,-48.38307322406487
0.07515030060120242,0.020281918171624724,0.005167104066256679,False,1.2675350701402803,-1.192384769539078,0.024851765906866448,0.010064962428802827,-47.979880947197664
0.08517034068136242,0.020544610647379002,0.005167678144386797,False,1.2675350701402803,-1.182364729458918,0.024851765906866448,0.010064962428802827,-47.57668867033047
0.09519038076152286,0.02077366551213622,0.005169041300126672,False,1.2675350701402803,-1.1723446893787575,0.024851765906866448,0.010064962428802827,-47.17349639346325
0.1052104208416833,0.02095951631307713,0.005172847081693331,False,1.2675350701402803,-1.162324649298597,0.024851765906866448,0.010064962428802827,-46.770304116596044
0.11523046092184375,0.02109621230733083,0.005177222154572147,False,1.2675350701402803,-1.1523046092184366,0.024851765906866448,0.010064962428802827,-46.36711183972883
0.12525050100200374,0.021178637413485468,0.005180227973152666,False,1.2675350701402803,-1.1422845691382766,0.024851765906866448,0.010064962428802827,-45.96391956286163
0.1352705410821642,0.02120167121476957,0.005181064664750377,False,1.2675350701402803,-1.1322645290581161,0.024851765906866448,0.010064962428802827,-45.560727285994425
0.14529058116232463,0.021160188552999948,0.005180153417846692,False,1.2675350701402803,-1.1222444889779557,0.024851765906866448,0.010064962428802827,-45.157535009127216
0.15531062124248507,0.02104905912226851,0.005179088334588774,False,1.2675350701402803,-1.1122244488977953,0.024851765906866448,0.010064962428802827,-44.75434273226
0.16533066132264507,0.02086362322939328,0.005180077079616002,False,1.2675350701402803,-1.1022044088176353,0.024851765906866448,0.010064962428802827,-44.351150455392805
0.1753507014028055,0.020603981702372653,0.0051823034810937925,False,1.2675350701402803,-1.0921843687374748,0.024851765906866448,0.010064962428802827,-43.947958178525596
0.18537074148296595,0.020272974876518912,0.005183612563689156,False,1.2675350701402803,-1.0821643286573144,0.024851765906866448,0.010064962428802827,-43.54476590165838
0.19539078156312595,0.01987347038710441,0.005182904975328812,False,1.2675350701402803,-1.0721442885771544,0.024851765906866448,0.010064962428802827,-43.141573624791185
0.2054108216432864,0.019408330407529206,0.0051802868960588305,False,1.2675350701402803,-1.062124248496994,0.024851765906866448,0.010064962428802827,-42.738381347923976
0.21543086172344683,0.018880411876840864,0.005177062391446607,False,1.2675350701402803,-1.0521042084168335,0.024851765906866448,0.010064962428802827,-42.33518907105676
0.22545090180360727,0.018292617503190556,0.005175528676477266,False,1.2675350701402803,-1.042084168336673,0.024851765906866448,0.010064962428802827,-41.93199679418955
0.23547094188376727,0.01764991070264621,0.005176159451513581,False,1.2675350701402803,-1.032064128256513,0.024851765906866448,0.010064962428802827,-41.52880451732236
0.2454909819639277,0.016959987844400892,0.005176705620704046,False,1.2675350701402803,-1.0220440881763526,0.024851765906866448,0.010064962428802827,-41.12561224045514
0.25551102204408815,0.016230730021848494,0.005175688567401841,False,1.2675350701402803,-1.0120240480961922,0.024851765906866448,0.010064962428802827,-40.72241996358793
0.2655310621242486,0.015470015183530528,0.00517281069146252,False,1.2675350701402803,-1.0020040080160317,0.024851765906866448,0.010064962428802827,-40.31922768672072
0.2755511022044086,0.01468571875879121,0.005168991156013578,False,1.2675350701402803,-0.9919839679358717,0.024851765906866448,0.010064962428802827,-39.91603540985353
0.28557114228456904,0.013885714265827076,0.005166268705180589,False,1.2675350701402803,-0.9819639278557113,0.024851765906866448,0.010064962428802827,-39.51284313298631
0.2955911823647295,0.013077824374717828,0.005166233920335988,False,1.2675350701402803,-0.9719438877755509,0.024851765906866448,0.010064962428802827,-39.1096508561191
0.3056112224448895,0.012269712994008586,0.005166940259248699,False,1.2675350701402803,-0.9619238476953909,0.024851765906866448,0.010064962428802827,-38.70645857925191
0.3156312625250499,0.011469012543626533,0.005166526620883832,False,1.2675350701402803,-0.9519038076152304,0.024851765906866448,0.010064962428802827,-38.30326630238469
0.32565130260521036,0.010683356011727874,0.005164281756498483,False,1.2675350701402803,-0.94188376753507,0.024851765906866448,0.010064962428802827,-37.90007402551748
0.3356713426853708,0.009920377561004834,0.0051607237716115376,False,1.2675350701402803,-0.9318637274549095,0.024851765906866448,0.010064962428802827,-37.49688174865027
0.3456913827655308,0.009187713135146325,0.005157546653052951,False,1.2675350701402803,-0.9218436873747495,0.024851765906866448,0.010064962428802827,-37.09368947178307
0.35571142284569124,0.008492915805890178,0.00515695931087178,False,1.2675350701402803,-0.9118236472945891,0.024851765906866448,0.010064962428802827,-36.690497194915864
0.3657314629258517,0.007842822599810617,0.005157956208904421,False,1.2675350701402803,-0.9018036072144286,0.024851765906866448,0.010064962428802827,-36.28730491804865
0.3757515030060121,0.007243913395329038,0.005158399428182944,False,1.2675350701402803,-0.8917835671342682,0.024851765906866448,0.010064962428802827,-35.88411264118144
0.3857715430861721,0.00670266940867581,0.005157240612287237,False,1.2675350701402803,-0.8817635270541082,0.024851765906866448,0.010064962428802827,-35.480920364314244
0.39579158316633256,0.006225576416009737,0.005154655994182737,False,1.2675350701402803,-0.8717434869739478,0.024851765906866448,0.010064962428802827,-35.077728087447035
0.405811623246493,0.005819125268395453,0.005152031571498126,False,1.2675350701402803,-0.8617234468937873,0.024851765906866448,0.010064962428802827,-34.67453581057982
0.415831663326653,0.005489717693376639,0.005151716978156552,False,1.2675350701402803,-0.8517034068136273,0.024851765906866448,0.010064962428802827,-34.271343533712624
0.42585170340681344,0.005240867524991533,0.005153968876677046,False,1.2675350701402803,-0.8416833667334669,0.024851765906866448,0.010064962428802827,-33.868151256845415
0.4358717434869739,0.005072736882513779,0.005156463114870383,False,1.2675350701402803,-0.8316633266533064,0.024851765906866448,0.010064962428802827,-33.4649589799782
0.4458917835671343,0.004985306098627212,0.005157719498056116,False,1.2675350701402803,-0.821643286573146,0.024851765906866448,0.010064962428802827,-33.06176670311099
0.4559118236472943,0.004978561895371797,0.00515745747107142,False,1.2675350701402803,-0.811623246492986,0.024851765906866448,0.010064962428802827,-32.658574426243796
0.46593186372745476,0.005052497383229437,0.005156625930472812,True,1.2675350701402803,-0.8016032064128256,0.024851765906866448,0.010064962428802827,-32.25538214937658
0.4759519038076152,0.005207111726865055,0.005157295644337898,True,1.2675350701402803,-0.7915831663326651,0.024851765906866448,0.010064962428802827,-31.85218987250937
0.48597194388777565,0.005442176548567046,0.005160885744249632,True,1.2675350701402803,-0.7815631262525047,0.024851765906866448,0.010064962428802827,-31.448997595642158
0.49599198396793565,0.005756826499921264,0.0051653280573465115,True,1.2675350701402803,-0.7715430861723447,0.024851765906866448,0.010064962428802827,-31.045805318774963
0.5060120240480961,0.006150092901831439,0.0051687889374591005,True,1.2675350701402803,-0.7615230460921842,0.024851765906866448,0.010064962428802827,-30.64261304190775
0.5160320641282565,0.006621013298324208,0.005170598365978507,True,1.2675350701402803,-0.7515030060120238,0.024851765906866448,0.010064962428802827,-30.23942076504054
0.5260521042084165,0.007168631379636858,0.005171321036418069,True,1.2675350701402803,-0.7414829659318638,0.024851765906866448,0.010064962428802827,-29.836228488173344
0.536072144288577,0.007791996905664567,0.005172693960742053,True,1.2675350701402803,-0.7314629258517034,0.024851765906866448,0.010064962428802827,-29.433036211306135
0.5460921843687374,0.00849008014993835,0.005176857900786987,True,1.2675350701402803,-0.7214428857715429,0.024851765906866448,0.010064962428802827,-29.029843934438922
0.5561122244488979,0.009261245688534592,0.005182626819959681,True,1.2675350701402803,-0.7114228456913825,0.024851765906866448,0.010064962428802827,-28.62665165757171
0.5661322645290578,0.010103597442407297,0.005187907919895994,True,1.2675350701402803,-0.7014028056112225,0.024851765906866448,0.010064962428802827,-28.223459380704515
0.5761523046092183,0.01101524386059749,0.005191708260427562,True,1.2675350701402803,-0.691382765531062,0.024851765906866448,0.010064962428802827,-27.820267103837303
0.5861723446893787,0.01199429886947212,0.005194252111552301,True,1.2675350701402803,-0.6813627254509016,0.024851765906866448,0.010064962428802827,-27.41707482697009
0.5961923847695392,0.013038881721777473,0.005196957803700637,True,1.2675350701402803,-0.6713426853707412,0.024851765906866448,0.010064962428802827,-27.013882550102878
0.6062124248496992,0.014147165790373284,0.005202151218085441,True,1.2675350701402803,-0.6613226452905812,0.024851765906866448,0.010064962428802827,-26.610690273235683
0.6162324649298596,0.015318489379576139,0.005209883265947904,True,1.2675350701402803,-0.6513026052104207,0.024851765906866448,0.010064962428802827,-26.20749799636847
0.62625250501002,0.0165533749810457,0.005217873732723181,True,1.2675350701402803,-0.6412825651302603,0.024851765906866448,0.010064962428802827,-25.804305719501258
0.63627254509018,0.01785240290781015,0.005224728139439154,True,1.2675350701402803,-0.6312625250501003,0.024851765906866448,0.010064962428802827,-25.401113442634063
0.6462925851703405,0.019216158531650263,0.00523022942871183,True,1.2675350701402803,-0.6212424849699398,0.024851765906866448,0.010064962428802827,-24.99792116576685
0.6563126252505009,0.02064523232746268,0.005235356814787025,True,1.2675350701402803,-0.6112224448897794,0.024851765906866448,0.010064962428802827,-24.594728888899642
0.6663326653306614,0.0221402246065594,0.00524216809373157,True,1.2675350701402803,-0.601202404809619,0.024851765906866448,0.010064962428802827,-24.19153661203243
0.6763527054108214,0.023703096519409605,0.0052518672229123564,True,1.2675350701402803,-0.591182364729459,0.024851765906866448,0.010064962428802827,-23.788344335165235
0.6863727454909818,0.02533903970479212,0.005262332590128833,True,1.2675350701402803,-0.5811623246492985,0.024851765906866448,0.010064962428802827,-23.385152058298022
0.6963927855711423,0.027053720805939818,0.005271788140945163,True,1.2675350701402803,-0.5711422845691381,0.024851765906866448,0.010064962428802827,-22.98195978143081
0.7064128256513023,0.028852812668063166,0.0052795828706470975,True,1.2675350701402803,-0.5611222444889781,0.024851765906866448,0.010064962428802827,-22.578767504563615
0.7164328657314627,0.030741994785368654,0.005286250125887528,True,1.2675350701402803,-0.5511022044088176,0.024851765906866448,0.010064962428802827,-22.175575227696402
0.7264529058116231,0.03272695374847423,0.005293441057345348,True,1.2675350701402803,-0.5410821643286572,0.024851765906866448,0.010064962428802827,-21.77238295082919
0.7364729458917836,0.03481365167310191,0.005303075565353305,True,1.2675350701402803,-0.5310621242484967,0.024851765906866448,0.010064962428802827,-21.369190673961977
0.7464929859719436,0.03700969402772891,0.005313795999107494,True,1.2675350701402803,-0.5210420841683367,0.024851765906866448,0.010064962428802827,-20.965998397094783
0.756513026052104,0.03932331166267655,0.005323585044619519,True,1.2675350701402803,-0.5110220440881763,0.024851765906866448,0.010064962428802827,-20.56280612022757
0.7665330661322645,0.04176274582505002,0.005331487647988819,True,1.2675350701402803,-0.5010020040080159,0.024851765906866448,0.010064962428802827,-20.15961384336036
0.7765531062124249,0.044336247674025664,0.0053377089978170105,True,1.2675350701402803,-0.4909819639278554,0.024851765906866448,0.010064962428802827,-19.75642156649315
0.7865731462925849,0.04705207893114771,0.005343588060178151,True,1.2675350701402803,-0.4809619238476954,0.024851765906866448,0.010064962428802827,-19.353229289625954
0.7965931863727453,0.04991851255196611,0.005351286710687501,True,1.2675350701402803,-0.470941883767535,0.024851765906866448,0.010064962428802827,-18.95003701275874
0.8066132264529058,0.05294383374856082,0.005360665463424218,True,1.2675350701402803,-0.46092184368737454,0.024851765906866448,0.010064962428802827,-18.54684473589153
0.8166332665330658,0.05613634059904005,0.005369630979082217,True,1.2675350701402803,-0.45090180360721455,0.024851765906866448,0.010064962428802827,-18.143652459024334
0.8266533066132262,0.059504344363857875,0.005376988435025616,True,1.2675350701402803,-0.4408817635270541,0.024851765906866448,0.010064962428802827,-17.740460182157122
0.8366733466933867,0.06305617012745124,0.0053826670084945565,True,1.2675350701402803,-0.43086172344689366,0.024851765906866448,0.010064962428802827,-17.33726790528991
0.8466933867735471,0.06680015745290646,0.005387729659492641,True,1.2675350701402803,-0.4208416833667332,0.024851765906866448,0.010064962428802827,-16.934075628422697
0.8567134268537071,0.07074464233577449,0.005394252368364949,True,1.2675350701402803,-0.4108216432865732,0.024851765906866448,0.010064962428802827,-16.530883351555502
0.8667334669338675,0.07489512464804804,0.005403304394833036,True,1.2675350701402803,-0.4008016032064128,0.024851765906866448,0.010064962428802827,-16.12769107468829
0.876753507014028,0.07925123262041733,0.005412921322197962,True,1.2675350701402803,-0.39078156312625234,0.024851765906866448,0.010064962428802827,-15.724498797821079
0.8867735470941884,0.08381188279609453,0.005421583778009758,True,1.2675350701402803,-0.3807615230460919,0.024851765906866448,0.010064962428802827,-15.321306520953867
0.8967935871743484,0.08857600780847252,0.005428848181904135,True,1.2675350701402803,-0.3707414829659319,0.024851765906866448,0.010064962428802827,-14.918114244086672
0.9068136272545089,0.09354255628934194,0.0054353946277366305,True,1.2675350701402803,-0.36072144288577146,0.024851765906866448,0.010064962428802827,-14.514921967219461
0.9168336673346693,0.09871049277805954,0.005442958048123898,True,1.2675350701402803,-0.350701402805611,0.024851765906866448,0.010064962428802827,-14.111729690352249
0.9268537074148293,0.1040772538900061,0.0054533909660188775,True,1.2675350701402803,-0.340681362725451,0.024851765906866448,0.010064962428802827,-13.708537413485054
0.9368737474949898,0.10963222684261353,0.005465314299326683,True,1.2675350701402803,-0.3306613226452906,0.024851765906866448,0.010064962428802827,-13.305345136617841
0.9468937875751502,0.1153621885738012,0.0054768927981672915,True,1.2675350701402803,-0.32064128256513014,0.024851765906866448,0.010064962428802827,-12.902152859750629
0.9569138276553106,0.1212539283025329,0.005487306856219801,True,1.2675350701402803,-0.3106212424849697,0.024851765906866448,0.010064962428802827,-12.498960582883416
0.9669338677354706,0.12729424789116806,0.005496834956547584,True,1.2675350701402803,-0.3006012024048097,0.024851765906866448,0.010064962428802827,-12.095768306016224
0.9769539078156311,0.13346996078992035,0.005506820969231797,True,1.2675350701402803,-0.29058116232464926,0.024851765906866448,0.010064962428802827,-11.692576029149011
0.9869739478957915,0.13976750285100437,0.00551932139671636,True,1.2675350701402803,-0.2805611222444888,0.024851765906866448,0.010064962428802827,-11.289383752281799
0.996993987975952,0.14616739367529163,0.005533964036839609,True,1.2675350701402803,-0.2705410821643284,0.024851765906866448,0.010064962428802827,-10.886191475414586
1.007014028056112,0.15264553799181968,0.005548665406223194,True,1.2675350701402803,-0.2605210420841684,0.024851765906866448,0.010064962428802827,-10.482999198547391
1.0170340681362724,0.15917772400389296,0.00556221716076286,True,1.2675350701402803,-0.25050100200400793,0.024851765906866448,0.010064962428802827,-10.07980692168018
1.0270541082164328,0.16573974395899072,0.005574465605178227,True,1.2675350701402803,-0.2404809619238475,0.024851765906866448,0.010064962428802827,-9.676614644812968
1.0370741482965928,0.1723073922195404,0.0055863152259641394,True,1.2675350701402803,-0.2304609218436875,0.024851765906866448,0.010064962428802827,-9.273422367945773
1.0470941883767533,0.17885644987338978,0.005599603618445202,True,1.2675350701402803,-0.22044088176352705,0.024851765906866448,0.010064962428802827,-8.870230091078561
1.0571142284569137,0.18536144767158902,0.005615035324290781,True,1.2675350701402803,-0.2104208416833666,0.024851765906866448,0.010064962428802827,-8.467037814211348
1.0671342685370742,0.19179466915679555,0.005630605247341232,True,1.2675350701402803,-0.20040080160320617,0.024851765906866448,0.010064962428802827,-8.063845537344136
1.0771543086172342,0.19812815778355386,0.005644815153918379,True,1.2675350701402803,-0.19038076152304617,0.024851765906866448,0.010064962428802827,-7.660653260476942
1.0871743486973946,0.20433394879882272,0.005657169510416117,True,1.2675350701402803,-0.18036072144288573,0.024851765906866448,0.010064962428802827,-7.257460983609731
1.097194388777555,0.21038406701535806,0.005668211383058992,True,1.2675350701402803,-0.1703406813627253,0.024851765906866448,0.010064962428802827,-6.854268706742518
1.1072144288577155,0.21625052458423255,0.005679456570045923,True,1.2675350701402803,-0.16032064128256485,0.024851765906866448,0.010064962428802827,-6.451076429875306
1.1172344689378755,0.2219067702709161,0.005692420186882585,True,1.2675350701402803,-0.15030060120240485,0.024851765906866448,0.010064962428802827,-6.047884153008112
1.127254509018036,0.2273327430960208,0.0057056610508024125,True,1.2675350701402803,-0.1402805611222444,0.024851765906866448,0.010064962428802827,-5.644691876140899
1.1372745490981964,0.23251018625727227,0.005717507403213046,True,1.2675350701402803,-0.13026052104208397,0.024851765906866448,0.010064962428802827,-5.241499599273687
1.1472945891783564,0.23742082298279144,0.005727233086269134,True,1.2675350701402803,-0.12024048096192397,0.024851765906866448,0.010064962428802827,-4.838307322406493
1.1573146292585168,0.24204635498484706,0.005735121901828832,True,1.2675350701402803,-0.11022044088176353,0.024851765906866448,0.010064962428802827,-4.4351150455392805
1.1673346693386772,0.24636846100150933,0.005742434476173786,True,1.2675350701402803,-0.10020040080160308,0.024851765906866448,0.010064962428802827,-4.031922768672068
1.1773547094188377,0.25036891536966976,0.005751037557956335,True,1.2675350701402803,-0.09018036072144264,0.024851765906866448,0.010064962428802827,-3.628730491804856
1.1873747494989977,0.25403097442919176,0.00576045491601784,True,1.2675350701402803,-0.08016032064128265,0.024851765906866448,0.010064962428802827,-3.2255382149376617
1.1973947895791581,0.257338896361059,0.005768862384059654,True,1.2675350701402803,-0.0701402805611222,0.024851765906866448,0.010064962428802827,-2.8223459380704496
1.2074148296593186,0.2602769307374082,0.005775279086033185,True,1.2675350701402803,-0.06012024048096176,0.024851765906866448,0.010064962428802827,-2.4191536612032376
1.217434869739479,0.262829297403929,0.005779701721143926,True,1.2675350701402803,-0.05010020040080132,0.024851765906866448,0.010064962428802827,-2.015961384336025
1.227454909819639,0.264980185224335,0.005783103320965915,True,1.2675350701402803,-0.04008016032064132,0.024851765906866448,0.010064962428802827,-1.6127691074688308
1.2374749498997994,0.26671377332784907,0.0057873053961105606,True,1.2675350701402803,-0.03006012024048088,0.024851765906866448,0.010064962428802827,-1.2095768306016188
1.24749498997996,0.26801559959948307,0.005792882028966094,True,1.2675350701402803,-0.02004008016032044,0.024851765906866448,0.010064962428802827,-0.8063845537344065
1.2575150300601199,0.26887334974493093,0.00579800369040061,True,1.2675350701402803,-0.010020040080160442,0.024851765906866448,0.010064962428802827,-0.4031922768672122
1.2675350701402803,0.2692748644732337,0.005801394976867347,True,1.2675350701402803,0.0,0.024851765906866448,0.010064962428802827,0.0
1.2775551102204408,0.26920794790380853,0.005802727718756335,True,1.2675350701402803,0.010020040080160442,0.024851765906866448,0.010064962428802827,0.4031922768672122
1.2875751503006012,0.26866036659900416,0.0058026515990825065,True,1.2675350701402803,0.020040080160320883,0.024851765906866448,0.010064962428802827,0.8063845537344244
1.2975951903807612,0.2676198485986654,0.005802731311326554,True,1.2675350701402803,0.03006012024048088,0.024851765906866448,0.010064962428802827,1.2095768306016188
1.3076152304609217,0.2660762320805765,0.005804380755329341,True,1.2675350701402803,0.04008016032064132,0.024851765906866448,0.010064962428802827,1.6127691074688308
1.317635270541082,0.2640275931540339,0.005806146355035752,True,1.2675350701402803,0.050100200400801764,0.024851765906866448,0.010064962428802827,2.0159613843360433
1.3276553106212425,0.2614739599016822,0.005806494769841822,True,1.2675350701402803,0.060120240480962206,0.024851765906866448,0.010064962428802827,2.4191536612032554
1.3376753507014025,0.25841531995889433,0.005804809816500545,True,1.2675350701402803,0.0701402805611222,0.024851765906866448,0.010064962428802827,2.8223459380704496
1.347695390781563,0.2548516205167948,0.00580145259349158,True,1.2675350701402803,0.08016032064128265,0.024851765906866448,0.010064962428802827,3.2255382149376617
1.3577154308617234,0.2507827683228885,0.005797728318548636,True,1.2675350701402803,0.09018036072144309,0.024851765906866448,0.010064962428802827,3.628730491804874
1.3677354709418834,0.24620980865009656,0.005795460703463199,True,1.2675350701402803,0.10020040080160308,0.024851765906866448,0.010064962428802827,4.031922768672068
1.3777555110220439,0.24114608079657174,0.005794013666821361,True,1.2675350701402803,0.11022044088176353,0.024851765906866448,0.010064962428802827,4.4351150455392805
1.3877755511022043,0.23561223626949612,0.005791602804044405,True,1.2675350701402803,0.12024048096192397,0.024851765906866448,0.010064962428802827,4.838307322406493
1.3977955911823647,0.2296289868894199,0.005787298764941294,True,1.2675350701402803,0.1302605210420844,0.024851765906866448,0.010064962428802827,5.241499599273705
1.4078156312625247,0.2232170084810292,0.005781143962859662,True,1.2675350701402803,0.1402805611222444,0.024851765906866448,0.010064962428802827,5.644691876140899
1.4178356713426852,0.21639694252154484,0.005774149923989823,True,1.2675350701402803,0.15030060120240485,0.024851765906866448,0.010064962428802827,6.047884153008112
1.4278557114228456,0.20918961400609248,0.00576815052631567,True,1.2675350701402803,0.1603206412825653,0.024851765906866448,0.010064962428802827,6.451076429875323
1.437875751503006,0.2016253228045457,0.005763533533562022,True,1.2675350701402803,0.17034068136272573,0.024851765906866448,0.010064962428802827,6.854268706742536
1.447895791583166,0.19374736588693509,0.005758415426482749,True,1.2675350701402803,0.18036072144288573,0.024851765906866448,0.010064962428802827,7.257460983609731
1.4579158316633265,0.1855999571884297,0.005751539123866532,True,1.2675350701402803,0.19038076152304617,0.024851765906866448,0.010064962428802827,7.660653260476942
1.467935871743487,0.17722728897940954,0.005742612634990757,True,1.2675350701402803,0.2004008016032066,0.024851765906866448,0.010064962428802827,8.063845537344154
1.477955911823647,0.168673535381771,0.005732338692782025,True,1.2675350701402803,0.2104208416833666,0.024851765906866448,0.010064962428802827,8.467037814211348
1.4879759519038074,0.15998285589481753,0.005722348127046166,True,1.2675350701402803,0.22044088176352705,0.024851765906866448,0.010064962428802827,8.870230091078561
1.4979959919839678,0.15119945184290629,0.005713961421090059,True,1.2675350701402803,0.2304609218436875,0.024851765906866448,0.010064962428802827,9.273422367945773
1.5080160320641278,0.14236769223892765,0.005705587505280734,True,1.2675350701402803,0.2404809619238475,0.024851765906866448,0.010064962428802827,9.676614644812968
1.5180360721442883,0.13353197825286145,0.005695696693608294,True,1.2675350701402803,0.25050100200400793,0.024851765906866448,0.010064962428802827,10.07980692168018
1.5280561122244487,0.12473671051767354,0.005683717454204526,True,1.2675350701402803,0.2605210420841684,0.024851765906866448,0.010064962428802827,10.482999198547391
1.5380761523046091,0.11602629266267428,0.005670098498478822,True,1.2675350701402803,0.2705410821643288,0.024851765906866448,0.010064962428802827,10.886191475414604
1.5480961923847696,0.1074451348476515,0.005656272514377132,True,1.2675350701402803,0.28056112224448926,0.024851765906866448,0.010064962428802827,11.289383752281816
1.55811623246493,0.09903663946883157,0.005644136695179885,True,1.2675350701402803,0.2905811623246497,0.024851765906866448,0.010064962428802827,11.692576029149029
1.5681362725450896,0.09083526936853303,0.005632910862648294,True,1.2675350701402803,0.30060120240480925,0.024851765906866448,0.010064962428802827,12.095768306016206
1.57815631262525,0.08287085356515789,0.005620826216783173,True,1.2675350701402803,0.3106212424849697,0.024851765906866448,0.010064962428802827,12.498960582883416
1.5881763527054105,0.07517320007174888,0.005607041565099914,True,1.2675350701402803,0.32064128256513014,0.024851765906866448,0.010064962428802827,12.902152859750629
1.598196392785571,0.06777213791832892,0.0055917550438184215,True,1.2675350701402803,0.3306613226452906,0.024851765906866448,0.010064962428802827,13.305345136617841
1.6082164328657313,0.060697519528392974,0.005576197468615673,True,1.2675350701402803,0.340681362725451,0.024851765906866448,0.010064962428802827,13.708537413485054
1.6182364729458918,0.05397892237735746,0.005562443007707519,True,1.2675350701402803,0.35070140280561146,0.024851765906866448,0.010064962428802827,14.111729690352266
1.6282565130260522,0.04763611510317034,0.005550799505177898,True,1.2675350701402803,0.3607214428857719,0.024851765906866448,0.010064962428802827,14.514921967219479
1.6382765531062127,0.04167709698887201,0.005539293807955589,True,1.2675350701402803,0.37074148296593235,0.024851765906866448,0.010064962428802827,14.91811424408669
1.6482965931863722,0.03610920045756316,0.005526685340782833,True,1.2675350701402803,0.3807615230460919,0.024851765906866448,0.010064962428802827,15.321306520953867
1.6583166332665327,0.030939788872277774,0.00551278267312615,True,1.2675350701402803,0.39078156312625234,0.024851765906866448,0.010064962428802827,15.724498797821079
1.668336673346693,0.02617625712844962,0.005498473258159353,True,1.2675350701402803,0.4008016032064128,0.024851765906866448,0.010064962428802827,16.12769107468829
1.6783567134268536,0.021826026540955112,0.005485640692987797,True,1.2675350701402803,0.4108216432865732,0.024851765906866448,0.010064962428802827,16.530883351555502
1.688376753507014,0.01789123873379239,0.0054756279740208625,True,1.2675350701402803,0.42084168336673367,0.024851765906866448,0.010064962428802827,16.934075628422715
1.6983967935871744,0.014358911644597683,0.005466623851912286,True,1.2675350701402803,0.4308617234468941,0.024851765906866448,0.010064962428802827,17.337267905289927
1.7084168336673349,0.01121340974563978,0.005457003399331205,True,1.2675350701402803,0.44088176352705455,0.024851765906866448,0.010064962428802827,17.74046018215714
1.7184368737474944,0.008439128151463748,0.005446189890464609,True,1.2675350701402803,0.4509018036072141,0.024851765906866448,0.010064962428802827,18.143652459024317
1.7284569138276549,0.006020491386770743,0.0054347206572267215,True,1.2675350701402803,0.46092184368737454,0.024851765906866448,0.010064962428802827,18.54684473589153
1.7384769539078153,0.00394195215607418,0.005424197808368424,True,1.2675350701402803,0.470941883767535,0.024851765906866448,0.010064962428802827,18.95003701275874
1.7484969939879758,0.0021870206709948548,0.005416612398754247,True,1.2675350701402803,0.4809619238476954,0.024851765906866448,0.010064962428802827,19.353229289625954
1.7585170340681362,0.0007320094265992338,0.00541087876826018,True,1.2675350701402803,0.49098196392785587,0.024851765906866448,0.010064962428802827,19.756421566493167
1.7685370741482966,-0.0004500058811629515,0.005405012809283261,True,1.2675350701402803,0.5010020040080163,0.024851765906866448,0.010064962428802827,20.15961384336038
1.778557114228457,-0.0013859437966061705,0.005398045362128834,True,1.2675350701402803,0.5110220440881768,0.024851765906866448,0.010064962428802827,20.562806120227588
1.7885771543086166,-0.002102703356069213,0.005390134906999086,True,1.2675350701402803,0.5210420841683363,0.024851765906866448,0.010064962428802827,20.965998397094765
1.798597194388777,-0.00262716621870851,0.005382553016726167,True,1.2675350701402803,0.5310621242484967,0.024851765906866448,0.010064962428802827,21.369190673961977
1.8086172344689375,-0.0029860473099141416,0.00537743598746821,True,1.2675350701402803,0.5410821643286572,0.024851765906866448,0.010064962428802827,21.77238295082919
1.818637274549098,-0.0032022327353615765,0.005374835635275711,True,1.2675350701402803,0.5511022044088176,0.024851765906866448,0.010064962428802827,22.175575227696402
1.8286573146292584,-0.0032945878147927488,0.005372569158710025,True,1.2675350701402803,0.5611222444889781,0.024851765906866448,0.010064962428802827,22.578767504563615
1.8386773547094188,-0.0032817777746387833,0.0053692852608756446,True,1.2675350701402803,0.5711422845691385,0.024851765906866448,0.010064962428802827,22.981959781430827
1.8486973947895793,-0.0031824594993317135,0.005364748824215884,True,1.2675350701402803,0.581162324649299,0.024851765906866448,0.010064962428802827,23.38515205829804
1.8587174348697397,-0.003015283010384451,0.0053598618257231145,False,1.2675350701402803,0.5911823647294594,0.024851765906866448,0.010064962428802827,23.788344335165252
1.8687374749498993,-0.0027988825281379803,0.00535655860164411,False,1.2675350701402803,0.601202404809619,0.024851765906866448,0.010064962428802827,24.19153661203243
1.8787575150300597,-0.0025482379424603963,0.0053559952741147,False,1.2675350701402803,0.6112224448897794,0.024851765906866448,0.010064962428802827,24.594728888899642
1.8887775551102202,-0.00226932413617309,0.005356089668322108,False,1.2675350701402803,0.6212424849699398,0.024851765906866448,0.010064962428802827,24.99792116576685
1.8987975951903806,-0.0019667506095268905,0.005355065866409114,False,1.2675350701402803,0.6312625250501003,0.024851765906866448,0.010064962428802827,25.401113442634063
1.908817635270541,-0.0016451249836348936,0.005352237126971333,False,1.2675350701402803,0.6412825651302607,0.024851765906866448,0.010064962428802827,25.804305719501276
1.9188376753507015,-0.0013090533662030168,0.005348069203945567,False,1.2675350701402803,0.6513026052104212,0.024851765906866448,0.010064962428802827,26.207497996368488
1.928857715430862,-0.0009631407171664108,0.005344124172555832,False,1.2675350701402803,0.6613226452905816,0.024851765906866448,0.010064962428802827,26.6106902732357
1.9388777555110215,-0.0006109167168935059,0.005342271635399146,False,1.2675350701402803,0.6713426853707412,0.024851765906866448,0.010064962428802827,27.013882550102878
1.948897795591182,-0.00024909017075636086,0.005341232727863356,False,1.2675350701402803,0.6813627254509016,0.024851765906866448,0.010064962428802827,27.41707482697009
1.9589178356713424,0.00012829837695083057,0.005339061650177326,False,1.2675350701402803,0.691382765531062,0.024851765906866448,0.010064962428802827,27.820267103837303
1.9689378757515028,0.0005272157893561058,0.005334871159710128,False,1.2675350701402803,0.7014028056112225,0.024851765906866448,0.010064962428802827,28.223459380704515
1.9789579158316633,0.0009536306360535818,0.00532893318438547,False,1.2675350701402803,0.7114228456913829,0.024851765906866448,0.010064962428802827,28.626651657571728
1.9889779559118237,0.001413513665593058,0.0053226563229253725,False,1.2675350701402803,0.7214428857715434,0.024851765906866448,0.010064962428802827,29.02984393443894
1.9989979959919841,0.0019127850350235676,0.0053182878017326105,False,1.2675350701402803,0.7314629258517038,0.024851765906866448,0.010064962428802827,29.433036211306153
2.0090180360721437,0.0024563078601067545,0.0053157890474846495,False,1.2675350701402803,0.7414829659318634,0.024851765906866448,0.010064962428802827,29.836228488173326
2.019038076152304,0.0030479726286616327,0.005313090369265702,False,1.2675350701402803,0.7515030060120238,0.024851765906866448,0.010064962428802827,30.23942076504054
2.0290581162324646,0.003691637239350065,0.005309026429293989,False,1.2675350701402803,0.7615230460921842,0.024851765906866448,0.010064962428802827,30.64261304190775
2.039078156312625,0.004391163708238999,0.005303581094384528,False,1.2675350701402803,0.7715430861723447,0.024851765906866448,0.010064962428802827,31.045805318774963
2.0490981963927855,0.00515041847393416,0.005297903079579601,False,1.2675350701402803,0.7815631262525051,0.024851765906866448,0.010064962428802827,31.448997595642176
2.059118236472946,0.0059732692332687964,0.005294186239756008,False,1.2675350701402803,0.7915831663326656,0.024851765906866448,0.010064962428802827,31.85218987250939
2.0691382765531063,0.006862977762742251,0.005293619295017328,False,1.2675350701402803,0.801603206412826,0.024851765906866448,0.010064962428802827,32.2553821493766
2.079158316633267,0.007821504653885425,0.005294195003766754,False,1.2675350701402803,0.8116232464929864,0.024851765906866448,0.010064962428802827,32.65857442624381
2.0891783567134263,0.008850647627528963,0.005294339063034487,False,1.2675350701402803,0.821643286573146,0.024851765906866448,0.010064962428802827,33.06176670311099
2.0991983967935868,0.009952209990175653,0.005293600677909397,False,1.2675350701402803,0.8316633266533064,0.024851765906866448,0.010064962428802827,33.4649589799782
2.109218436873747,0.011128000775326718,0.005292708620585805,False,1.2675350701402803,0.8416833667334669,0.024851765906866448,0.010064962428802827,33.868151256845415
2.1192384769539077,0.012379834885163143,0.0052934998183086866,False,1.2675350701402803,0.8517034068136273,0.024851765906866448,0.010064962428802827,34.271343533712624
2.129258517034068,0.013709674334072552,0.005297955214688295,False,1.2675350701402803,0.8617234468937878,0.024851765906866448,0.010064962428802827,34.67453581057984
2.1392785571142285,0.015120253445706222,0.0053046246525937655,False,1.2675350701402803,0.8717434869739482,0.024851765906866448,0.010064962428802827,35.07772808744705
2.149298597194389,0.01661457172144498,0.0053115102057027675,False,1.2675350701402803,0.8817635270541087,0.024851765906866448,0.010064962428802827,35.480920364314265
2.1593186372745485,0.01819563547900982,0.005317683138921142,False,1.2675350701402803,0.8917835671342682,0.024851765906866448,0.010064962428802827,35.88411264118144
2.169338677354709,0.01986645788661301,0.005323378247761786,False,1.2675350701402803,0.9018036072144286,0.024851765906866448,0.010064962428802827,36.28730491804865
2.1793587174348694,0.021630059199316598,0.005329959793275015,False,1.2675350701402803,0.9118236472945891,0.024851765906866448,0.010064962428802827,36.690497194915864
2.18937875751503,0.02348927584197691,0.005339553656539173,False,1.2675350701402803,0.9218436873747495,0.024851765906866448,0.010064962428802827,37.09368947178307
2.1993987975951903,0.025443880727088697,0.0053517089474683505,False,1.2675350701402803,0.93186372745491,0.024851765906866448,0.010064962428802827,37.49688174865029
2.2094188376753507,0.02749117750348873,0.005364067333074917,False,1.2675350701402803,0.9418837675350704,0.024851765906866448,0.010064962428802827,37.9000740255175
2.219438877755511,0.029628406552971054,0.005375188568140132,False,1.2675350701402803,0.9519038076152309,0.024851765906866448,0.010064962428802827,38.30326630238471
2.2294589178356707,0.03185281534333573,0.0053847604647372415,False,1.2675350701402803,0.9619238476953904,0.024851765906866448,0.010064962428802827,38.70645857925189
2.239478957915831,0.034161658206854906,0.005393609985234656,False,1.2675350701402803,0.9719438877755509,0.024851765906866448,0.010064962428802827,39.1096508561191
2.2494989979959916,0.03655219478936056,0.005403576435276164,False,1.2675350701402803,0.9819639278557113,0.024851765906866448,0.010064962428802827,39.51284313298631
2.259519038076152,0.03902155289316411,0.005415334648344128,False,1.2675350701402803,0.9919839679358717,0.024851765906866448,0.010064962428802827,39.91603540985353
2.2695390781563125,0.041566609364159124,0.005426618227243462,False,1.2675350701402803,1.0020040080160322,0.024851765906866448,0.010064962428802827,40.31922768672074
2.279559118236473,0.04418421897272928,0.005435727702862683,False,1.2675350701402803,1.0120240480961926,0.024851765906866448,0.010064962428802827,40.72241996358795
2.2895791583166334,0.046871242175472005,0.00544211910282976,False,1.2675350701402803,1.022044088176353,0.024851765906866448,0.010064962428802827,41.12561224045516
2.299599198396794,0.049624544862187925,0.0054464776162192795,False,1.2675350701402803,1.0320641282565135,0.024851765906866448,0.010064962428802827,41.52880451732237
2.3096192384769534,0.05244099810322567,0.0054506832005636885,False,1.2675350701402803,1.042084168336673,0.024851765906866448,0.010064962428802827,41.93199679418955
2.319639278557114,0.05531681068542582,0.005456784003042822,False,1.2675350701402803,1.0521042084168335,0.024851765906866448,0.010064962428802827,42.33518907105676
2.3296593186372743,0.058245088654860666,0.005463655919593385,False,1.2675350701402803,1.062124248496994,0.024851765906866448,0.010064962428802827,42.738381347923976
2.3396793587174347,0.061218038230654415,0.005470146319666531,False,1.2675350701402803,1.0721442885771544,0.024851765906866448,0.010064962428802827,43.141573624791185
2.349699398797595,0.06422786898040833,0.005476572423917623,False,1.2675350701402803,1.0821643286573148,0.024851765906866448,0.010064962428802827,43.5447659016584
2.3597194388777556,0.06726679329927521,0.005484921160644713,False,1.2675350701402803,1.0921843687374753,0.024851765906866448,0.010064962428802827,43.94795817852561
2.369739478957916,0.07032702578781347,0.005498936875960225,False,1.2675350701402803,1.1022044088176357,0.024851765906866448,0.010064962428802827,44.351150455392826
2.3797595190380756,0.07340076034092213,0.0055238165491228374,False,1.2675350701402803,1.1122244488977953,0.024851765906866448,0.010064962428802827,44.75434273226
2.389779559118236,0.07647989818544154,0.005562912026323155,False,1.2675350701402803,1.1222444889779557,0.024851765906866448,0.010064962428802827,45.157535009127216
2.3997995991983965,0.07955613363254876,0.005618852224482396,False,1.2675350701402803,1.1322645290581161,0.024851765906866448,0.010064962428802827,45.560727285994425
2.409819639278557,0.08262115629435662,0.005696172353423941,False,1.2675350701402803,1.1422845691382766,0.024851765906866448,0.010064962428802827,45.96391956286163
2.4198396793587174,0.08566665476906721,0.005801440975264178,False,1.2675350701402803,1.152304609218437,0.024851765906866448,0.010064962428802827,46.36711183972885
2.429859719438878,0.08868431597738713,0.005943074307237823,False,1.2675350701402803,1.1623246492985975,0.024851765906866448,0.010064962428802827,46.77030411659606
2.4398797595190382,0.09166587123296266,0.00613082584450372,False,1.2675350701402803,1.172344689378758,0.024851765906866448,0.010064962428802827,47.173496393463275
2.449899799599198,0.09460622639574165,0.006372772074760928,False,1.2675350701402803,1.1823647294589175,0.024851765906866448,0.010064962428802827,47.57668867033045
2.4599198396793582,0.09750543678806248,0.006673327888443322,False,1.2675350701402803,1.192384769539078,0.024851765906866448,0.010064962428802827,47.979880947197664
2.4699398797595187,0.10036402529732188,0.007036556424025353,False,1.2675350701402803,1.2024048096192383,0.024851765906866448,0.010064962428802827,48.38307322406487
2.479959919839679,0.10318251143750207,0.007466410445939023,False,1.2675350701402803,1.2124248496993988,0.024851765906866448,0.010064962428802827,48.78626550093209
2.4899799599198396,0.10596141138586346,0.007966584047515959,False,1.2675350701402803,1.2224448897795592,0.024851765906866448,0.010064962428802827,49.1894577777993
2.5,0.10870123801943476,0.008540359585811449,False,1.2675350701402803,1.2324649298597197,0.024851765906866448,0.010064962428802827,49.592650054666514
